Timestamp,Student_Name,Registration_No,Mobile,Message_Status,Fees_Amount,Error_Message
2025-10-15 21:54:03,Avii Pil,2123323,+919527722785,SUCCESS,10000.0,
2025-10-19 15:05:42,Avaneesh Pillay,101,+919527722785,SUCCESS,birthday_wish,0,2025-10-19,0,
2025-10-19 15:06:43,Roshni Mudiliar,102,+918669951786,SUCCESS,reminder_2,1,2025-10-20,25000.0,
2025-10-19 15:07:49,Anuj Pillai,103,+919356875919,SUCCESS,reminder_2,1,2025-10-20,10000.0,
2025-10-19 15:08:48,Meghna Yadav,104,+917620070219,SUCCESS,reminder_2,1,2025-10-20,17000.0,
2025-10-19 15:16:53,Avaneesh Pillay,101,+919527722785,SUCCESS,birthday_wish,0,2025-10-19,0,
2025-10-19 15:17:46,Roshni Mudiliar,102,+918669951786,SUCCESS,reminder_2,1,2025-10-20,25000.0,
2025-10-19 15:18:45,Anuj Pillai,103,+919356875919,SUCCESS,reminder_2,1,2025-10-20,10000.0,
2025-10-19 15:19:43,Meghna Yadav,104,+917620070219,SUCCESS,reminder_2,1,2025-10-20,17000.0,
